[{"DocumentTypeId":"USCIS.ImmigrationLegalForm.FormG-28","Keywords":[{"Values":["form","g-28"],"NumberOfTimesConfirmed":1,"LastUpdated":"2025-07-26T16:59:58.3861881+05:30"},{"Values":["information","about","attorney","or"],"NumberOfTimesConfirmed":1,"LastUpdated":"2025-07-26T16:59:58.3863923+05:30"},{"Values":["accredited","representative"],"NumberOfTimesConfirmed":1,"LastUpdated":"2025-07-26T16:59:58.3864007+05:30"},{"Values":["family","name","last","name","given","name","first","name","middle","name","law","firm","or","organization","citizenship","and","immigration","services","mailing","address","of","client"],"NumberOfTimesConfirmed":1,"LastUpdated":"2025-07-26T16:59:58.3864031+05:30"},{"Values":["client's","consent","to","representation","and"],"NumberOfTimesConfirmed":1,"LastUpdated":"2025-07-26T16:59:58.3864044+05:30"}]}]
