﻿{
  "DataContractVersion": "1.1",
  "DocumentTypes": [
    {
      "Connections": [],
      "DocumentTypeId": "USCIS.ImmigrationLegalForm.FormG-28",
      "Group": "USCIS",
      "Category": "Immigration Legal Form",
      "Name": "Form G-28",
      "OptionalUniqueIdentifier": "",
      "TypeField": {
        "FieldId": "USCIS.ImmigrationLegalForm.FormG-28.DocumentType",
        "FieldName": "Document Type"
      },
      "Fields": [
        {
          "FieldId": "USCIS.ImmigrationLegalForm.FormG-28.FamilyName",
          "FieldName": "Family Name",
          "IsMultiValue": false,
          "Type": "Text",
          "DeriveFieldsFormat": "",
          "Components": [],
          "SetValues": [],
          "Metadata": [
            {
              "Key": "Color",
              "Value": "#038a18"
            },
            {
              "Key": "Hotkey",
              "Value": "a"
            }
          ],
          "RuleSet": null,
          "DefaultValue": "",
          "DataSource": null
        },
        {
          "FieldId": "USCIS.ImmigrationLegalForm.FormG-28.FirstName",
          "FieldName": "First Name",
          "IsMultiValue": false,
          "Type": "Text",
          "DeriveFieldsFormat": "",
          "Components": [],
          "SetValues": [],
          "Metadata": [
            {
              "Key": "Color",
              "Value": "#fa6616"
            },
            {
              "Key": "Hotkey",
              "Value": "r"
            }
          ],
          "RuleSet": null,
          "DefaultValue": "",
          "DataSource": null
        },
        {
          "FieldId": "USCIS.ImmigrationLegalForm.FormG-28.MiddleName",
          "FieldName": "Middle Name",
          "IsMultiValue": false,
          "Type": "Text",
          "DeriveFieldsFormat": "",
          "Components": [],
          "SetValues": [],
          "Metadata": [
            {
              "Key": "Color",
              "Value": "#8a97a0"
            },
            {
              "Key": "Hotkey",
              "Value": "m"
            }
          ],
          "RuleSet": null,
          "DefaultValue": "",
          "DataSource": null
        },
        {
          "FieldId": "USCIS.ImmigrationLegalForm.FormG-28.LastName",
          "FieldName": "Last Name",
          "IsMultiValue": false,
          "Type": "Text",
          "DeriveFieldsFormat": "",
          "Components": [],
          "SetValues": [],
          "Metadata": [
            {
              "Key": "Color",
              "Value": "#6eb84a"
            },
            {
              "Key": "Hotkey",
              "Value": "l"
            }
          ],
          "RuleSet": null,
          "DefaultValue": "",
          "DataSource": null
        },
        {
          "FieldId": "USCIS.ImmigrationLegalForm.FormG-28.GivenName",
          "FieldName": "Given Name",
          "IsMultiValue": false,
          "Type": "Text",
          "DeriveFieldsFormat": "",
          "Components": [],
          "SetValues": [],
          "Metadata": [
            {
              "Key": "Color",
              "Value": "#c6c889"
            },
            {
              "Key": "Hotkey",
              "Value": "g"
            }
          ],
          "RuleSet": null,
          "DefaultValue": "",
          "DataSource": null
        }
      ]
    }
  ],
  "Groups": [
    {
      "Name": "USCIS",
      "Categories": [
        "Immigration Legal Form"
      ]
    }
  ],
  "SupportedLanguages": [
    {
      "Name": "Undetermined Language",
      "Code": "und"
    },
    {
      "Name": "Bulgarian",
      "Code": "bul"
    },
    {
      "Name": "Cantonese",
      "Code": "yue"
    },
    {
      "Name": "Danish",
      "Code": "dan"
    },
    {
      "Name": "Dutch",
      "Code": "nld"
    },
    {
      "Name": "English",
      "Code": "eng"
    },
    {
      "Name": "French",
      "Code": "fra"
    },
    {
      "Name": "Georgian",
      "Code": "kat"
    },
    {
      "Name": "German",
      "Code": "deu"
    },
    {
      "Name": "Greek",
      "Code": "ell"
    },
    {
      "Name": "Hebrew",
      "Code": "heb"
    },
    {
      "Name": "Hindi",
      "Code": "hin"
    },
    {
      "Name": "Italian",
      "Code": "ita"
    },
    {
      "Name": "Japanese",
      "Code": "jpn"
    },
    {
      "Name": "Korean",
      "Code": "kor"
    },
    {
      "Name": "Macedonian",
      "Code": "mkd"
    },
    {
      "Name": "Mandarin",
      "Code": "zho"
    },
    {
      "Name": "Marathi",
      "Code": "mar"
    },
    {
      "Name": "Norwegian",
      "Code": "nor"
    },
    {
      "Name": "Polish",
      "Code": "pol"
    },
    {
      "Name": "Portuguese",
      "Code": "por"
    },
    {
      "Name": "Romanian",
      "Code": "ron"
    },
    {
      "Name": "Russian",
      "Code": "rus"
    },
    {
      "Name": "Serbian",
      "Code": "srp"
    },
    {
      "Name": "Spanish",
      "Code": "spa"
    },
    {
      "Name": "Swedish",
      "Code": "swe"
    },
    {
      "Name": "Telugu",
      "Code": "tel"
    },
    {
      "Name": "Turkish",
      "Code": "tur"
    }
  ]
}