{"ProjectBreakpoints":"{\"Value\":{\"Main.xaml\":[{\"ConditionalExpression\":null,\"ActionExpression\":null,\"ExpectedHitCounter\":null,\"ShouldContinueAfterAction\":false,\"BreakpointType\":1,\"LocationIdentifier\":\"Export Extraction Results\",\"IsEnabled\":false,\"Annotation\":null,\"Id\":\"5a7be22c-2959-4fdd-a7c6-0820eb73499a\",\"ActivityIdRef\":\"ExportExtractionResults_1\",\"ActivityId\":\"1.5\",\"ActivityName\":\"Export Extraction Results\",\"IsTransient\":false},{\"ConditionalExpression\":null,\"ActionExpression\":null,\"ExpectedHitCounter\":null,\"ShouldContinueAfterAction\":false,\"BreakpointType\":1,\"LocationIdentifier\":\"For Each currentClassificationResult\",\"IsEnabled\":false,\"Annotation\":null,\"Id\":\"a592fd53-35bc-4197-8e65-223c97e1b23a\",\"ActivityIdRef\":\"ForEach`1_1\",\"ActivityId\":\"1.3\",\"ActivityName\":\"For Each currentClassificationResult\",\"IsTransient\":false},{\"ConditionalExpression\":null,\"ActionExpression\":null,\"ExpectedHitCounter\":null,\"ShouldContinueAfterAction\":false,\"BreakpointType\":1,\"LocationIdentifier\":\"Write Line\",\"IsEnabled\":true,\"Annotation\":null,\"Id\":\"0d2cff07-d76f-494b-ae6f-7dad94a5bed7\",\"ActivityIdRef\":\"WriteLine_2\",\"ActivityId\":\"1.2\",\"ActivityName\":\"Write Line\",\"IsTransient\":false}]},\"CodeBreakpoints\":{}}","OpenedDocuments":"[{\"DocumentPath\":\"Main.xaml\",\"FactoryId\":\"{ACB8E7BA-F093-44C1-9B50-33ECA51AAE16}\"}]","ProjectActivitiesViewState":"{\"Main.xaml\":[{\"ActivityIdRef\":\"WriteLine_2\",\"IsAdvancedOptionsExpanded\":false,\"Widgets\":{}},{\"ActivityIdRef\":\"ForEach`1_1\",\"IsAdvancedOptionsExpanded\":false,\"Categories\":{\"\":true},\"Widgets\":{\"Body\":{\"ShowExpanded\":true}}}]}","Compiler":"2","ProjectWatches":"{\"Value\":[]}"}